"county","case_type","case_number","period"
"adair","TR","TR-2023-144","post"
"adair","CM","CM-2023-195","post"
"adair","CM","CM-2023-194","post"
"adair","CF","CF-2019-112","post"
"adair","CM",NA,"post"
"adair","CF","CF-2014-204","post"
"adair","CF","CF-2023-67","post"
"adair","CM","CM-2020-218","post"
"adair","CM","CM-2018-168","post"
"adair","CF","CF-2016-101","post"
"adair","CF","CF-2020-51","post"
"adair","CF","CF-2015-213","post"
"adair","CM","CM-2023-179","post"
"adair","CM","CM-2023-143","post"
"adair","TR","TR-2023-152","post"
"adair","CM","CM-2023-191","post"
"adair","CM","CM-2023-175","post"
"adair","CM","CM-2023-59","post"
"adair","CM","CM-2023-174","post"
"adair","CM","CM-2021-184","post"
"adair","CM","CM-2022-141","post"
"adair","CF","CF-2023-42","post"
"adair","CM","CM-2023-212","post"
"adair","TR","TR-2023-113","post"
"adair","CF","CF-2023-68","post"
"adair","CF","CF-2001-261","post"
"adair","CM","CM-2022-112","post"
"adair","CF","CF-2024-3","post"
"adair","CF","CF-2023-55","post"
"adair","CM","CM-2023-193","post"
"adair","CF","CF-2023-5","post"
"adair","CM","CM-2023-123","post"
"adair","CM","CM-2023-16","post"
"adair","CM","CM-2019-382","post"
"adair","CM","CM-2023-75","post"
"adair","CM","CM-2020-209","post"
"adair","CM","CM-2023-210","post"
"adair","CF","CF-2023-19","post"
"adair","CF","CF-2023-46","post"
"adair","CF","CF-2012-82","post"
"adair","CF","CF-2016-83","post"
"adair","CM","CM-2023-196","post"
"adair","CM","CM-2023-27","post"
"adair","CF","CF-2020-21","post"
"adair","CF","CF-2019-27","post"
"adair","CM","CM-2020-374","post"
"adair","CM","CM-2023-165","post"
"adair","CM","CM-2023-172","post"
"adair","CM","CM-2023-38","post"
"adair","CF","CF-2008-175","post"
"adair","CF","CF-2015-222","post"
"adair","CF","CF-2023-80","post"
"adair","TR","TR-2023-140","post"
"adair","CM","CM-2022-204","post"
"adair","CM","CM-2023-35","post"
"adair","CF","CF-2017-191","post"
"adair","CM","CM-2023-200","post"
"adair","CM","CM-2023-138","post"
"adair","CF","CF-2023-2","post"
"adair","CF","CF-2023-77","post"
"adair","CM","CM-2021-178","post"
"adair","TR","TR-2023-158","post"
"adair","CF","CF-2008-118","post"
"adair","CM","CM-2019-81","post"
"adair","CM","CM-2023-203","post"
"adair","CF","CF-2023-79","post"
"adair","CM","CM-2023-177","post"
"adair","TR","TR-2023-155","post"
"adair","CM","CM-2022-81","post"
"adair","CM","CM-2024-2","post"
"adair","CF","CF-2023-76","post"
"adair","CF","CF-2012-183","post"
"adair","CM","CM-2023-20","post"
"adair","CM","CM-2013-24","post"
"adair","CF","CF-2023-58","post"
"adair","CM","CM-2022-75","pre"
"adair","CM","CM-2022-69","pre"
"adair","CM","CM-2023-160","pre"
"adair","CM","CM-2023-139","pre"
"adair","TR","TR-2023-115","pre"
"adair","CM","CM-2017-268","pre"
"adair","TR","TR-2023-117","pre"
"adair","CM","CM-2021-106","pre"
"adair","CM","CM-2022-142","pre"
"adair","CM","CM-2018-543","pre"
"adair","CF","CF-2014-3","pre"
"adair","CM","CM-2023-123","pre"
"adair","CM","CM-2023-47","pre"
"adair","CF","CF-2008-175","pre"
"adair","CM","CM-2017-13","pre"
"adair","TR","TR-2023-116","pre"
"adair","CM","CM-2021-96","pre"
"adair","CM","CM-2023-119","pre"
"adair","CM","CM-2022-42","pre"
"adair","CM","CM-2021-209","pre"
"adair","CF","CF-2007-86","pre"
"adair","CF","CF-2023-37","pre"
"adair","CM","CM-2019-96","pre"
"adair","TR","TR-2023-97","pre"
"adair","CM","CM-2023-11","pre"
"adair","CM","CM-2015-167","pre"
"adair","CM","CM-2022-24","pre"
"adair","TR","TR-2023-123","pre"
"adair","CF","CF-2023-65","pre"
"adair","CM","CM-2013-478","pre"
"adair","CF","CF-2008-120","pre"
"adair","CF","CF-2017-187","pre"
"adair","CF","CF-2018-62","pre"
"adair","CF","CF-2013-22","pre"
"adair","CF","CF-2022-51","pre"
"adair","CM","CM-2021-183","pre"
"adair","CF","CF-2021-24","pre"
"adair","CM","CM-2022-91","pre"
"adair","CF","CF-2023-15","pre"
"adair","CM","CM-2018-6","pre"
"adair","CF","CF-2023-68","pre"
"adair","CM","CM-2016-65","pre"
"adair","CM","CM-2023-169","pre"
"adair","CF","CF-2019-25","pre"
"adair","CF","CF-2018-24","pre"
"adair","CM","CM-2023-76","pre"
"adair","TR","TR-2023-129","pre"
"adair","CF","CF-2023-42","pre"
"adair","CF","CF-2015-71","pre"
"adair","TR","TR-2023-94","pre"
"adair","CM","CM-2022-141","pre"
"adair","CF","CF-2023-56","pre"
"adair","CF","CF-2012-177","pre"
"adair","CF","CF-2023-31","pre"
"adair","CF","CF-2023-14","pre"
"adair","CF","CF-2023-72","pre"
"adair","CF","CF-2016-83","pre"
"adair","CF","CF-2019-71","pre"
"adair","TR","TR-2023-119","pre"
"adair","CF",NA,"pre"
"adair","CF","CF-2015-114","pre"
"adair","TR","TR-2023-104","pre"
"adair","CM","CM-2017-326","pre"
"adair","CM","CM-2022-92","pre"
"adair","CF","CF-2023-5","pre"
"adair","CF","CF-2014-151","pre"
"adair","CM","CM-2005-91","pre"
"adair","CM","CM-2021-180","pre"
"adair","CM","CM-2023-77","pre"
"adair","CF","CF-2012-168","pre"
"adair","CM","CM-2005-559","pre"
"adair","CM","CM-2023-152","pre"
"adair","CM","CM-2022-116","pre"
"adair","CF","CF-2022-41","pre"
"adair","CM","CM-2023-151","pre"
"canadian","TR","TR-2023-3618","post"
"canadian","TR","TR-2023-3533","post"
"canadian","TR","TR-2023-3347","post"
"canadian","CM","CM-2023-21","post"
"canadian","CF","CF-2020-366","post"
"canadian","CF","CF-2015-122","post"
"canadian","CM","CM-2023-281","post"
"canadian","TR","TR-2023-4084","post"
"canadian","CM","CM-2011-332","post"
"canadian","CF","CF-2023-102","post"
"canadian","TR","TR-2023-186","post"
"canadian","TR","TR-2023-3324","post"
"canadian","CM","CM-2023-252","post"
"canadian","CM","CM-2020-595","post"
"canadian","CF","CF-2023-489","post"
"canadian","CM","CM-2021-437","post"
"canadian","TR","TR-2023-3379","post"
"canadian","TR","TR-2023-3568","post"
"canadian","TR","TR-2023-3435","post"
"canadian","TR","TR-2020-3762","post"
"canadian","TR","TR-2023-4110","post"
"canadian","CF","CF-2024-80","post"
"canadian","TR","TR-2023-3309","post"
"canadian","CM","CM-2023-652","post"
"canadian","TR","TR-2023-3203","post"
"canadian","TR","TR-2020-631","post"
"canadian","TR","TR-2023-4222","post"
"canadian","CM","CM-2023-78","post"
"canadian","TR","TR-2021-3716","post"
"canadian","CF","CF-2022-687","post"
"canadian","CM","CM-2023-443","post"
"canadian","TR","TR-2023-3597","post"
"canadian","CM","CM-2022-620","post"
"canadian","TR","TR-2023-3639","post"
"canadian","CM","CM-2022-418","post"
"canadian","TR","TR-2023-3157","post"
"canadian","CF","CF-2020-35","post"
"canadian","CM","CM-2019-186","post"
"canadian","CM","CM-2023-305","post"
"canadian","TR","TR-2023-3307","post"
"canadian","TR","TR-2023-4023","post"
"canadian","TR","TR-2023-3036","post"
"canadian","TR","TR-2023-4499","post"
"canadian","CF","CF-2013-632","post"
"canadian","CF","CF-2014-64","post"
"canadian","TR","TR-2023-4286","post"
"canadian","TR","TR-2023-4199","post"
"canadian","CF","CF-2023-465","post"
"canadian","CF","CF-2016-78","post"
"canadian","CM","CM-2023-215","post"
"canadian","CF","CF-2023-519","post"
"canadian","CF","CF-2023-483","post"
"canadian","TR","TR-2023-1877","post"
"canadian","CF","CF-2020-181","post"
"canadian","TR","TR-2017-4062","post"
"canadian","TR","TR-2023-3840","post"
"canadian","CF","CF-2023-686","post"
"canadian","CF","CF-2015-555","post"
"canadian","CF","CF-2021-60","post"
"canadian","CM","CM-2022-574","post"
"canadian","TR","TR-2023-4432","post"
"canadian","TR","TR-2023-3668","post"
"canadian","CF","CF-2023-670","post"
"canadian","TR","TR-2023-3812","post"
"canadian","CF","CF-2014-187","post"
"canadian","CM","CM-2023-461","post"
"canadian","CM","CM-2013-547","post"
"canadian","TR","TR-2023-4323","post"
"canadian","CF","CF-2023-23","post"
"canadian","CF","CF-2022-470","post"
"canadian","TR","TR-2023-4338","post"
"canadian","CM","CM-2022-252","post"
"canadian","TR","TR-2023-4391","post"
"canadian","CF","CF-2020-448","post"
"canadian","TR","TR-2023-3729","post"
"canadian","CF","CF-2020-202","pre"
"canadian","CF","CF-2021-545","pre"
"canadian","TR","TR-2023-2861","pre"
"canadian","TR","TR-2023-2812","pre"
"canadian","TR","TR-2023-2314","pre"
"canadian","TR","TR-2023-2608","pre"
"canadian","CF","CF-2023-322","pre"
"canadian","TR","TR-2023-2542","pre"
"canadian","TR","TR-2023-3198","pre"
"canadian","CF","CF-2017-786","pre"
"canadian","CM","CM-2023-624","pre"
"canadian","TR","TR-2023-2891","pre"
"canadian","CM","CM-2022-540","pre"
"canadian","CM","CM-2011-127","pre"
"canadian","CM","CM-2022-598","pre"
"canadian","CF","CF-2013-435","pre"
"canadian","TR","TR-2017-2939","pre"
"canadian","CF","CF-2017-430","pre"
"canadian","CF","CF-2018-73","pre"
"canadian","CF","CF-2013-6","pre"
"canadian","TR","TR-2018-6174","pre"
"canadian","CF","CF-2015-913","pre"
"canadian","TR","TR-2018-3477","pre"
"canadian","TR","TR-2023-2756","pre"
"canadian","CF","CF-2021-603","pre"
"canadian","CM","CM-2019-260","pre"
"canadian","CF","CF-2015-376","pre"
"canadian","CF","CF-2010-140","pre"
"canadian","TR","TR-2023-3076","pre"
"canadian","CM","CM-2022-382","pre"
"canadian","CM","CM-2013-50","pre"
"canadian","TR","TR-2023-1841","pre"
"canadian","CM","CM-2023-186","pre"
"canadian","CF","CF-2016-464","pre"
"canadian","CF","CF-2022-272","pre"
"canadian","CM","CM-2016-458","pre"
"canadian","CM","CM-2002-437","pre"
"canadian","CF","CF-2018-123","pre"
"canadian","CM","CM-2020-645","pre"
"canadian","CM","CM-2022-145","pre"
"canadian","CF","CF-1993-142","pre"
"canadian","TR","TR-2023-3246","pre"
"canadian","TR","TR-2023-2065","pre"
"canadian","CM","CM-2020-388","pre"
"canadian","CF","CF-2021-6","pre"
"canadian","CM","CM-2022-49","pre"
"canadian","CM","CM-2022-370","pre"
"canadian","CM","CM-2011-618","pre"
"canadian","CF","CF-2021-625","pre"
"canadian","TR","TR-2023-2329","pre"
"canadian","CF","CF-2008-50","pre"
"canadian","CF","CF-2016-493","pre"
"canadian","CM","CM-2020-124","pre"
"canadian","TR","TR-2023-1365","pre"
"canadian","CM","CM-2014-269","pre"
"canadian","TR","TR-2023-2341","pre"
"canadian","CM","CM-2023-465","pre"
"canadian","CF","CF-2017-390","pre"
"canadian","TR","TR-2023-2864","pre"
"canadian","TR","TR-2023-2442","pre"
"canadian","TR","TR-2023-3248","pre"
"canadian","CM","CM-2009-903","pre"
"canadian","CF","CF-2023-412","pre"
"canadian","CM","CM-2023-263","pre"
"canadian","TR","TR-2023-2665","pre"
"canadian","TR","TR-2023-3176","pre"
"canadian","TR","TR-2020-1272","pre"
"canadian","CF","CF-2022-70","pre"
"canadian","TR","TR-2023-2599","pre"
"canadian","CM","CM-2021-136","pre"
"canadian","CM","CM-2020-990","pre"
"canadian","TR","TR-2023-3084","pre"
"canadian","TR","TR-2023-3097","pre"
"canadian","CF","CF-2012-39","pre"
"canadian","CF","CF-2017-317","pre"
"cleveland","CF","CF-2017-1455","post"
"cleveland","CF","CF-2021-705","post"
"cleveland","CF","CF-2018-686","post"
"cleveland","CF","CF-2018-1031","post"
"cleveland","CM","CM-2023-2094","post"
"cleveland","CM","CM-2023-1001","post"
"cleveland","CM","CM-2023-1901","post"
"cleveland","CM","CM-2023-1600","post"
"cleveland","CM","CM-2022-2099","post"
"cleveland","CM","CM-2015-1369","post"
"cleveland","CF","CF-2023-234","post"
"cleveland","TR","TR-2023-2752","post"
"cleveland","CF","CF-2016-451","post"
"cleveland","CF","CF-2023-364","post"
"cleveland","CM","CM-2022-1560","post"
"cleveland","CF","CF-2019-1356","post"
"cleveland","CF","CF-2023-1673","post"
"cleveland","CF","CF-2023-788","post"
"cleveland","CF","CF-2023-1756","post"
"cleveland","CF","CF-2011-956","post"
"cleveland","CM","CM-2023-1564","post"
"cleveland","CM","CM-2023-167","post"
"cleveland","CF","CF-2021-897","post"
"cleveland","CM","CM-2022-1926","post"
"cleveland","CM","CM-2012-1540","post"
"cleveland","CM","CM-2006-1578","post"
"cleveland","CF","CF-2020-1344","post"
"cleveland","CM","CM-2022-407","post"
"cleveland","CM","CM-2021-638","post"
"cleveland","CM","CM-2023-1002","post"
"cleveland","CM","CM-2022-1294","post"
"cleveland","TR","TR-2023-2761","post"
"cleveland","CF","CF-2023-881","post"
"cleveland","CF","CF-2023-855","post"
"cleveland","CF","CF-2022-952","post"
"cleveland","CM","CM-2023-1333","post"
"cleveland","CM","CM-2024-6","post"
"cleveland","CF","CF-2023-830","post"
"cleveland","CF","CF-2023-1619","post"
"cleveland","CF","CF-2011-541","post"
"cleveland","CM","CM-2023-420","post"
"cleveland","TR","TR-2023-2937","post"
"cleveland","CF","CF-2020-1060","post"
"cleveland","CF","CF-2010-1509","post"
"cleveland","CF","CF-2022-1275","post"
"cleveland","CF","CF-2022-711","post"
"cleveland","CF","CF-2012-1029","post"
"cleveland","TR","TR-2023-2896","post"
"cleveland","TR","TR-2023-2795","post"
"cleveland","TR","TR-2023-2555","post"
"cleveland","CF","CF-2023-1387","post"
"cleveland","CF","CF-2019-1367","post"
"cleveland","TR","TR-2023-2325","post"
"cleveland","CM","CM-2023-1498","post"
"cleveland","CF","CF-2022-346","post"
"cleveland","CM","CM-2022-23","post"
"cleveland","CM","CM-2023-1428","post"
"cleveland","CF","CF-2023-1847","post"
"cleveland","CF","CF-2023-154","post"
"cleveland","CM","CM-2023-2215","post"
"cleveland","TR","TR-2023-2391","post"
"cleveland","CF","CF-2015-1070","post"
"cleveland","CM","CM-2023-1255","post"
"cleveland","CF","CF-2021-1158","post"
"cleveland","CF","CF-2023-1344","post"
"cleveland","TR","TR-2023-2687","post"
"cleveland","CM","CM-2023-1686","post"
"cleveland","CM","CM-2023-1554","post"
"cleveland","CM","CM-2023-1453","post"
"cleveland","TR","TR-2023-2583","post"
"cleveland","TR","TR-2023-2","post"
"cleveland","CF","CF-2022-539","post"
"cleveland","CF","CF-2023-372","post"
"cleveland","CF","CF-2021-663","post"
"cleveland","CM","CM-2019-768","post"
"cleveland","CF","CF-2022-1458","pre"
"cleveland","CM","CM-2006-2688","pre"
"cleveland","TR","TR-2023-1680","pre"
"cleveland","CM","CM-2022-1288","pre"
"cleveland","CM","CM-2022-375","pre"
"cleveland","CM","CM-2023-1252","pre"
"cleveland","CM","CM-2023-1201","pre"
"cleveland","TR","TR-2023-1702","pre"
"cleveland","CF","CF-2021-1030","pre"
"cleveland","CM","CM-2021-1498","pre"
"cleveland","CF","CF-2022-1570","pre"
"cleveland","CM","CM-2022-2143","pre"
"cleveland","CF","CF-2018-316","pre"
"cleveland","CF","CF-2018-1460","pre"
"cleveland","CF","CF-2023-511","pre"
"cleveland","CM","CM-2021-1405","pre"
"cleveland","CM","CM-2023-1573","pre"
"cleveland","CM","CM-2023-1843","pre"
"cleveland","CF","CF-2023-972","pre"
"cleveland","CF","CF-2022-1504","pre"
"cleveland","CF","CF-2023-775","pre"
"cleveland","TR","TR-2023-1880","pre"
"cleveland","CF","CF-2023-882","pre"
"cleveland","CF","CF-2022-677","pre"
"cleveland","CF","CF-2023-375","pre"
"cleveland","TR","TR-2023-2197","pre"
"cleveland","CM","CM-2021-496","pre"
"cleveland","CF","CF-2020-653","pre"
"cleveland","CF","CF-2022-186","pre"
"cleveland","CF","CF-2019-1490","pre"
"cleveland","TR","TR-2022-512","pre"
"cleveland","TR","TR-2023-1955","pre"
"cleveland","CM","CM-2023-1364","pre"
"cleveland","CM","CM-2022-668","pre"
"cleveland","CF","CF-2023-1283","pre"
"cleveland","CM","CM-2023-1554","pre"
"cleveland","CF","CF-2023-1027","pre"
"cleveland","TR","TR-2023-1614","pre"
"cleveland","TR","TR-2023-2009","pre"
"cleveland","CM","CM-2022-1690","pre"
"cleveland","TR","TR-2023-1936","pre"
"cleveland","CF","CF-2019-248","pre"
"cleveland","CM","CM-2023-1555","pre"
"cleveland","CF","CF-2020-915","pre"
"cleveland","CM","CM-2022-2043","pre"
"cleveland","CM","CM-2023-637","pre"
"cleveland","CF","CF-2014-541","pre"
"cleveland","CF","CF-2022-1491","pre"
"cleveland","CM","CM-2022-1803","pre"
"cleveland","CF","CF-2023-332","pre"
"cleveland","TR","TR-2023-1689","pre"
"cleveland","CM","CM-2022-1290","pre"
"cleveland","CF","CF-2022-1559","pre"
"cleveland","CF","CF-2018-87","pre"
"cleveland","CM","CM-2022-797","pre"
"cleveland","CF","CF-2017-1583","pre"
"cleveland","CF","CF-2021-1596","pre"
"cleveland","CM","CM-2022-1327","pre"
"cleveland","CM","CM-2023-1440","pre"
"cleveland","CF","CF-2023-194","pre"
"cleveland","TR","TR-2023-1877","pre"
"cleveland","CF","CF-2022-372","pre"
"cleveland","CM","CM-2023-401","pre"
"cleveland","CM","CM-2023-1055","pre"
"cleveland","TR","TR-2023-2028","pre"
"cleveland","CF","CF-2023-668","pre"
"cleveland","TR","TR-2023-1981","pre"
"cleveland","CM","CM-2023-1454","pre"
"cleveland","CM","CM-2023-1318","pre"
"cleveland","CM","CM-2022-1696","pre"
"cleveland","CM","CM-2022-1800","pre"
"cleveland","CF","CF-2023-1104","pre"
"cleveland","CM","CM-2022-876","pre"
"cleveland","CF","CF-2019-1421","pre"
"cleveland","CF","CF-2023-58","pre"
"comanche","TR","TR-2023-3645","post"
"comanche","TR","TR-2023-289","post"
"comanche","CF","CF-2021-406","post"
"comanche","CM","CM-2023-1334","post"
"comanche","TR","TR-2023-3083","post"
"comanche","TR","TR-2023-3328","post"
"comanche","CM","CM-2023-1659","post"
"comanche","CF","CF-2023-135","post"
"comanche","CM","CM-2023-1859","post"
"comanche","CF","CF-2005-337","post"
"comanche","CF","CF-2007-92","post"
"comanche","CF","CF-2021-317","post"
"comanche","TR","TR-2023-3709","post"
"comanche","CM","CM-2015-499","post"
"comanche","TR","TR-2023-3215","post"
"comanche","CF","CF-2018-324","post"
"comanche","TR","TR-2023-3507","post"
"comanche","TR","TR-2023-2836","post"
"comanche","TR","TR-2023-2585","post"
"comanche","CF","CF-2022-823","post"
"comanche","TR","TR-2023-3176","post"
"comanche","CM","CM-2022-1662","post"
"comanche","TR","TR-2023-3452","post"
"comanche","TR","TR-2023-3676","post"
"comanche","CM","CM-2023-50","post"
"comanche","TR","TR-2024-63","post"
"comanche","TR","TR-2023-2942","post"
"comanche","CF","CF-2004-140","post"
"comanche","CM","CM-2015-770","post"
"comanche","TR","TR-2023-3185","post"
"comanche","TR","TR-2023-3141","post"
"comanche","CM","CM-2021-1217","post"
"comanche","CF","CF-2023-314","post"
"comanche","TR","TR-2023-3198","post"
"comanche","CM","CM-2014-1063","post"
"comanche","TR","TR-2023-3765","post"
"comanche","TR","TR-2023-2987","post"
"comanche","CM","CM-2023-659","post"
"comanche","CM","CM-2007-233","post"
"comanche","TR","TR-2023-2838","post"
"comanche","TR","TR-2023-3188","post"
"comanche","TR","TR-2023-3459","post"
"comanche","TR","TR-2023-496","post"
"comanche","CF","CF-2017-25","post"
"comanche","TR","TR-2023-2917","post"
"comanche","TR","TR-2023-3368","post"
"comanche","CM","CM-2023-239","post"
"comanche","CM","CM-2023-1800","post"
"comanche","CM","CM-2021-310","post"
"comanche","CF","CF-2023-592","post"
"comanche","CF","CF-2021-45","post"
"comanche","CF","CF-2017-440","post"
"comanche","CF","CF-2008-405","post"
"comanche","TR","TR-2024-62","post"
"comanche","TR","TR-2023-3636","post"
"comanche","TR","TR-2023-3632","post"
"comanche","CF","CF-2019-174","post"
"comanche","TR","TR-2023-3156","post"
"comanche","CF","CF-2015-441","post"
"comanche","TR","TR-2023-3286","post"
"comanche","TR","TR-2023-3048","post"
"comanche","TR","TR-2023-3098","post"
"comanche","TR","TR-2022-1637","post"
"comanche","CM","CM-2023-1620","post"
"comanche","TR","TR-2023-3733","post"
"comanche","CM","CM-2023-1857","post"
"comanche","CF","CF-2016-702","post"
"comanche","CF","CF-2019-100","post"
"comanche","CM","CM-2001-1695","post"
"comanche","TR","TR-2023-2966","post"
"comanche","CM","CM-2022-591","post"
"comanche","TR","TR-2023-2786","post"
"comanche","TR","TR-2023-2577","post"
"comanche","CF","CF-2012-510","post"
"comanche","CM","CM-2023-815","post"
"comanche","TR","TR-2023-2722","pre"
"comanche","CM","CM-2023-1223","pre"
"comanche","TR","TR-2023-2417","pre"
"comanche","CM","CM-2004-663","pre"
"comanche","TR","TR-2023-2635","pre"
"comanche","TR","TR-2023-2453","pre"
"comanche","CF","CF-2023-452","pre"
"comanche","TR","TR-2023-2014","pre"
"comanche","TR","TR-2023-1731","pre"
"comanche","CF","CF-2017-374","pre"
"comanche","CF","CF-2023-301","pre"
"comanche","TR","TR-2023-2379","pre"
"comanche","TR","TR-2023-2799","pre"
"comanche","TR","TR-2023-2160","pre"
"comanche","TR","TR-2023-2544","pre"
"comanche","CM","CM-2022-1639","pre"
"comanche","TR","TR-2023-930","pre"
"comanche","CM","CM-2022-1290","pre"
"comanche","CM","CM-2022-521","pre"
"comanche","CM","CM-2023-1137","pre"
"comanche","CM","CM-2022-565","pre"
"comanche","CM","CM-2016-1054","pre"
"comanche","CM","CM-2022-1580","pre"
"comanche","CM","CM-2021-1217","pre"
"comanche","CF","CF-2016-757","pre"
"comanche","TR","TR-2023-2314","pre"
"comanche","TR","TR-2023-2142","pre"
"comanche","TR","TR-2023-2322","pre"
"comanche","CM","CM-2017-2174","pre"
"comanche","CM","CM-2023-942","pre"
"comanche","TR","TR-2023-2113","pre"
"comanche","TR","TR-2023-2427","pre"
"comanche","CM","CM-2016-631","pre"
"comanche","TR","TR-2023-2474","pre"
"comanche","TR","TR-2023-1207","pre"
"comanche","TR","TR-2023-2430","pre"
"comanche","TR","TR-2023-2490","pre"
"comanche","TR","TR-2023-2447","pre"
"comanche","TR","TR-2023-1788","pre"
"comanche","TR","TR-2023-2573","pre"
"comanche","TR","TR-2023-2189","pre"
"comanche","TR","TR-2023-2894","pre"
"comanche","TR","TR-2023-1711","pre"
"comanche","CF","CF-2014-554","pre"
"comanche","TR","TR-2023-2025","pre"
"comanche","TR","TR-2023-1206","pre"
"comanche","CM","CM-1992-1899","pre"
"comanche","TR","TR-2023-2354","pre"
"comanche","TR","TR-2023-2814","pre"
"comanche","TR","TR-2023-2076","pre"
"comanche","TR","TR-2023-2343","pre"
"comanche","TR","TR-2023-2665","pre"
"comanche","TR","TR-2023-2684","pre"
"comanche","TR","TR-2023-2624","pre"
"comanche","TR","TR-2023-2232","pre"
"comanche","TR","TR-2023-2066","pre"
"comanche","CM","CM-2023-495","pre"
"comanche","TR","TR-2023-2404","pre"
"comanche","TR","TR-2023-2669","pre"
"comanche","TR","TR-2023-2966","pre"
"comanche","TR","TR-2023-2715","pre"
"comanche","TR","TR-2023-2346","pre"
"comanche","TR","TR-2023-2103","pre"
"comanche","CM","CM-2023-932","pre"
"comanche","TR","TR-2023-1745","pre"
"comanche","CM","CM-2022-1662","pre"
"comanche","CF","CF-2016-211","pre"
"comanche","CF","CF-2020-20","pre"
"comanche","CM","CM-2023-715","pre"
"comanche","CM","CM-2023-624","pre"
"comanche","CM","CM-2019-701","pre"
"comanche","TR","TR-2023-2116","pre"
"comanche","TR","TR-2023-2312","pre"
"comanche","TR","TR-2023-2648","pre"
"comanche","CM","CM-2023-448","pre"
"ellis","TR","TR-2023-187","post"
"ellis","CF","CF-2023-3","post"
"ellis","CF","CF-2014-44","post"
"ellis","TR","TR-2023-189","post"
"ellis","TR","TR-2023-142","post"
"ellis","TR","TR-2023-153","post"
"ellis","TR","TR-2023-182","post"
"ellis","CM","CM-2023-26","post"
"ellis","TR","TR-2023-137","post"
"ellis","TR","TR-2023-164","post"
"ellis","CM","CM-2023-40","post"
"ellis","TR","TR-2023-171","post"
"ellis","TR","TR-2023-144","post"
"ellis","TR","TR-2023-79","post"
"ellis","TR","TR-2023-175","post"
"ellis","CM","CM-2020-22","post"
"ellis","TR","TR-2023-143","post"
"ellis","CF","CF-2023-17","post"
"ellis","CF","CF-2022-8","post"
"ellis","CM","CM-2023-23","post"
"ellis","CM","CM-2023-49","post"
"ellis","CF","CF-2023-5","post"
"ellis","CM","CM-2022-28","post"
"ellis","CM","CM-2023-36","post"
"ellis","TR","TR-2023-156","post"
"ellis","TR","TR-2023-135","post"
"ellis","CM","CM-2023-38","post"
"ellis","CF","CF-2023-24","post"
"ellis","CM","CM-2023-35","post"
"ellis","CF","CF-2023-8","post"
"ellis","CM","CM-2023-42","post"
"ellis","TR","TR-2023-138","post"
"ellis","TR","TR-2023-140","post"
"ellis","TR","TR-2023-146","post"
"ellis","TR","TR-2023-160","post"
"ellis","TR","TR-2023-150","post"
"ellis","TR","TR-2023-201","post"
"ellis","CM","CM-2022-29","post"
"ellis","CM","CM-2022-24","post"
"ellis","TR","TR-2023-176","post"
"ellis","TR","TR-2023-197","post"
"ellis","CM","CM-2022-2","post"
"ellis","TR","TR-2023-199","post"
"ellis","CM","CM-2022-16","post"
"ellis","CF","CF-2021-15","post"
"ellis","TR","TR-2023-166","post"
"ellis","TR","TR-2023-128","post"
"ellis","CM","CM-2023-45","post"
"ellis","TR","TR-2023-136","post"
"ellis","CM","CM-2022-23","post"
"ellis","CM","CM-2023-27","post"
"ellis","TR","TR-2023-173","post"
"ellis","TR","TR-2023-188","post"
"ellis","TR","TR-2024-10","post"
"ellis","TR","TR-2023-167","post"
"ellis","CM","CM-2023-37","post"
"ellis","CM","CM-2022-32","post"
"ellis","CM","CM-2019-50","post"
"ellis","TR","TR-2023-174","post"
"ellis","TR","TR-2023-168","post"
"ellis","CM","CM-2023-43","post"
"ellis","CF","CF-2023-6","post"
"ellis","CF",NA,"post"
"ellis","CM","CM-2023-47","post"
"ellis","TR","TR-2023-194","post"
"ellis","TR","TR-2023-170","post"
"ellis","TR","TR-2023-198","post"
"ellis","TR","TR-2023-180","post"
"ellis","TR","TR-2023-193","post"
"ellis","TR","TR-2023-157","post"
"ellis","TR","TR-2023-163","post"
"ellis","CF","CF-1997-23","post"
"ellis","TR","TR-2023-184","post"
"ellis","TR","TR-2023-131","post"
"ellis","TR","TR-2023-178","post"
"ellis","CF","CF-2023-18","pre"
"ellis","CF","CF-2023-17","pre"
"ellis","TR","TR-2023-93","pre"
"ellis","CF","CF-1997-23","pre"
"ellis","TR","TR-2023-96","pre"
"ellis","TR","TR-2023-116","pre"
"ellis","CF","CF-2021-9","pre"
"ellis","TR","TR-2023-125","pre"
"ellis","CF","CF-2023-4","pre"
"ellis","CM","CM-2023-13","pre"
"ellis","TR","TR-2023-112","pre"
"ellis","CF","CF-2023-20","pre"
"ellis","TR","TR-2023-78","pre"
"ellis","CM","CM-2022-19","pre"
"ellis","CM",NA,"pre"
"ellis","TR","TR-2023-80","pre"
"ellis","CF","CF-2023-12","pre"
"ellis","TR","TR-2023-104","pre"
"ellis","CM","CM-2020-22","pre"
"ellis","TR","TR-2023-70","pre"
"ellis","CF","CF-2022-4","pre"
"ellis","TR","TR-2023-103","pre"
"ellis","TR","TR-2023-87","pre"
"ellis","TR","TR-2023-85","pre"
"ellis","CM","CM-2021-25","pre"
"ellis","CM","CM-2023-7","pre"
"ellis","CM","CM-2022-2","pre"
"ellis","CM","CM-2023-12","pre"
"ellis","TR","TR-2023-91","pre"
"ellis","CF","CF-2023-6","pre"
"ellis","CF","CF-2023-8","pre"
"ellis","CM","CM-2023-27","pre"
"ellis","TR","TR-2023-88","pre"
"ellis","TR","TR-2023-67","pre"
"ellis","TR","TR-2023-79","pre"
"ellis","TR","TR-2023-110","pre"
"ellis","CF","CF-2022-5","pre"
"ellis","CM","CM-2022-25","pre"
"ellis","TR","TR-2023-127","pre"
"ellis","TR","TR-2023-106","pre"
"ellis","CM","CM-2023-21","pre"
"ellis","TR","TR-2023-95","pre"
"ellis","TR","TR-2023-92","pre"
"ellis","CM","CM-2023-3","pre"
"ellis","TR","TR-2023-124","pre"
"ellis","CM","CM-2020-49","pre"
"ellis","TR","TR-2023-119","pre"
"ellis","CF","CF-2023-19","pre"
"ellis","CF","CF-2022-13","pre"
"ellis","CF","CF-2014-44","pre"
"ellis","TR","TR-2023-86","pre"
"ellis","TR","TR-2023-108","pre"
"ellis","TR","TR-2023-75","pre"
"ellis","TR","TR-2023-77","pre"
"ellis","TR","TR-2023-123","pre"
"ellis","CM","CM-2020-19","pre"
"ellis","CM","CM-2020-7","pre"
"ellis","TR","TR-2023-84","pre"
"ellis","TR","TR-2023-126","pre"
"ellis","CM","CM-2023-28","pre"
"ellis","CF","CF-2023-11","pre"
"ellis","CF","CF-2023-16","pre"
"ellis","TR","TR-2023-122","pre"
"ellis","TR","TR-2023-76","pre"
"ellis","TR","TR-2023-111","pre"
"ellis","CM","CM-2023-15","pre"
"ellis","CM","CM-2022-26","pre"
"ellis","TR","TR-2023-83","pre"
"ellis","CF","CF-2022-8","pre"
"ellis","CM","CM-2007-31","pre"
"ellis","CM","CM-2020-55","pre"
"ellis","CF","CF-2012-6","pre"
"ellis","TR","TR-2023-65","pre"
"ellis","TR","TR-2023-117","pre"
"ellis","CF","CF-2023-9","pre"
"garfield","TR","TR-2023-2868","post"
"garfield","CF","CF-2023-265","post"
"garfield","CM","CM-2022-457","post"
"garfield","CM","CM-2023-248","post"
"garfield","TR","TR-2023-2723","post"
"garfield","CF","CF-2023-279","post"
"garfield","TR","TR-2023-2358","post"
"garfield","TR","TR-2023-1974","post"
"garfield","CM","CM-2023-515","post"
"garfield","CF","CF-2018-529","post"
"garfield","CM","CM-2022-595","post"
"garfield","CF","CF-2020-457","post"
"garfield","TR","TR-2023-2488","post"
"garfield","CM","CM-2023-514","post"
"garfield","TR","TR-2023-2343","post"
"garfield","CM","CM-2021-666","post"
"garfield","TR","TR-2023-2646","post"
"garfield","CM","CM-2023-738","post"
"garfield","CF","CF-2022-136","post"
"garfield","CM","CM-2022-698","post"
"garfield","CM","CM-2023-247","post"
"garfield","CF","CF-2023-324","post"
"garfield","TR","TR-2023-2309","post"
"garfield","CF","CF-2023-224","post"
"garfield","TR","TR-2023-2666","post"
"garfield","CM","CM-2019-743","post"
"garfield","TR","TR-2023-3020","post"
"garfield","CF","CF-2023-305","post"
"garfield","CM","CM-2023-357","post"
"garfield","CM","CM-2023-59","post"
"garfield","TR","TR-2023-3152","post"
"garfield","CF","CF-2023-289","post"
"garfield","TR","TR-2023-2480","post"
"garfield","CM","CM-2023-612","post"
"garfield","CM","CM-2021-654","post"
"garfield","TR","TR-2023-2613","post"
"garfield","TR","TR-2023-2743","post"
"garfield","TR","TR-2023-2277","post"
"garfield","CF","CF-2023-358","post"
"garfield","CF","CF-2023-310","post"
"garfield","CF","CF-2023-228","post"
"garfield","TR","TR-2023-2940","post"
"garfield","TR","TR-2023-2676","post"
"garfield","CF","CF-2017-441","post"
"garfield","TR","TR-2023-3137","post"
"garfield","CM","CM-2024-268","post"
"garfield","CM","CM-2018-871","post"
"garfield","CM","CM-2018-397","post"
"garfield","TR","TR-2023-2908","post"
"garfield","CF","CF-2023-171","post"
"garfield","TR","TR-2024-4","post"
"garfield","TR","TR-2023-2703","post"
"garfield","CF","CF-2021-320","post"
"garfield","CM","CM-2023-432","post"
"garfield","TR","TR-2023-2554","post"
"garfield","CF","CF-2021-420","post"
"garfield","TR","TR-2023-2740","post"
"garfield","TR","TR-2023-2855","post"
"garfield","CF","CF-2023-38","post"
"garfield","TR","TR-2013-1113","post"
"garfield","TR","TR-2023-2667","post"
"garfield","CM","CM-2022-229","post"
"garfield","CM","CM-2016-687","post"
"garfield","CF","CF-2023-145","post"
"garfield","CM","CM-2023-591","post"
"garfield","TR","TR-2023-2838","post"
"garfield","CM","CM-2020-175","post"
"garfield","CM","CM-2023-43","post"
"garfield","TR","TR-2023-2213","post"
"garfield","CF","CF-2023-202","post"
"garfield","CF","CF-2023-266","post"
"garfield","TR","TR-2023-2659","post"
"garfield","TR","TR-2023-2382","post"
"garfield","TR","TR-2023-2505","post"
"garfield","CF","CF-2023-81","post"
"garfield","CM","CM-2023-520","pre"
"garfield","CF","CF-2023-110","pre"
"garfield","CM","CM-2022-461","pre"
"garfield","CM","CM-2020-354","pre"
"garfield","TR","TR-2023-2159","pre"
"garfield","TR","TR-2023-1337","pre"
"garfield","CM","CM-2022-154","pre"
"garfield","CF","CF-2020-12","pre"
"garfield","TR","TR-2023-2128","pre"
"garfield","CF","CF-2021-158","pre"
"garfield","TR","TR-2023-1007","pre"
"garfield","CM","CM-2019-567","pre"
"garfield","CM","CM-2023-261","pre"
"garfield","TR","TR-2023-2044","pre"
"garfield","CF","CF-2023-229","pre"
"garfield","CM","CM-2021-454","pre"
"garfield","TR","TR-2023-2325","pre"
"garfield","CM","CM-2019-475","pre"
"garfield","TR","TR-2023-1643","pre"
"garfield","CF","CF-2023-223","pre"
"garfield","CM","CM-2018-768","pre"
"garfield","CM","CM-2023-403","pre"
"garfield","TR","TR-2023-1715","pre"
"garfield","CM","CM-2020-614","pre"
"garfield","TR","TR-2023-1794","pre"
"garfield","TR","TR-2023-2067","pre"
"garfield","TR","TR-2023-1641","pre"
"garfield","TR","TR-2023-1418","pre"
"garfield","CM","CM-2022-293","pre"
"garfield","TR","TR-2023-1654","pre"
"garfield","TR","TR-2023-1864","pre"
"garfield","CF","CF-2022-71","pre"
"garfield","CM","CM-2023-468","pre"
"garfield","CF","CF-2021-134","pre"
"garfield","CM","CM-2022-335","pre"
"garfield","TR","TR-2023-1710","pre"
"garfield","CF","CF-2018-534","pre"
"garfield","TR","TR-2023-1628","pre"
"garfield","TR","TR-2023-1952","pre"
"garfield","CF","CF-2023-169","pre"
"garfield","TR","TR-2023-1534","pre"
"garfield","TR","TR-2023-2224","pre"
"garfield","TR","TR-2023-1741","pre"
"garfield","TR","TR-2023-1804","pre"
"garfield","TR","TR-2023-1700","pre"
"garfield","CM","CM-2023-350","pre"
"garfield","CM","CM-2023-271","pre"
"garfield","TR","TR-2023-1456","pre"
"garfield","TR","TR-2023-2428","pre"
"garfield","CM","CM-2014-1208","pre"
"garfield","CM","CM-2019-379","pre"
"garfield","TR","TR-2023-1309","pre"
"garfield","CM","CM-2022-577","pre"
"garfield","TR","TR-2023-1570","pre"
"garfield","TR","TR-2023-1574","pre"
"garfield","CM","CM-2023-348","pre"
"garfield","CM","CM-2022-405","pre"
"garfield","CF","CF-2022-254","pre"
"garfield","CM","CM-2023-513","pre"
"garfield","TR","TR-2023-1978","pre"
"garfield","CF","CF-2023-116","pre"
"garfield","CM","CM-2023-370","pre"
"garfield","TR","TR-2023-1991","pre"
"garfield","CM","CM-2023-485","pre"
"garfield","TR","TR-2023-1691","pre"
"garfield","CF","CF-2022-304","pre"
"garfield","TR","TR-2023-1360","pre"
"garfield","TR","TR-2023-2312","pre"
"garfield","TR","TR-2023-1761","pre"
"garfield","CF","CF-2023-129","pre"
"garfield","TR","TR-2023-487","pre"
"garfield","TR","TR-2023-1228","pre"
"garfield","TR","TR-2023-2266","pre"
"garfield","TR","TR-2023-1516","pre"
"garfield","TR","TR-2023-1476","pre"
"logan","TR","TR-2023-934","post"
"logan","CM","CM-2022-235","post"
"logan","CM","CM-2020-363","post"
"logan","CF","CF-2022-194","post"
"logan","CM","CM-2022-149","post"
"logan","CM","CM-2022-122","post"
"logan","CM","CM-2023-231","post"
"logan","CM","CM-2023-115","post"
"logan","CF","CF-2022-12","post"
"logan","TR","TR-2023-1052","post"
"logan","CM","CM-2023-177","post"
"logan","CF","CF-2013-445","post"
"logan","CF","CF-2022-144","post"
"logan","CM","CM-2023-273","post"
"logan","TR","TR-2023-1159","post"
"logan","TR","TR-2023-1064","post"
"logan","CF","CF-2021-189","post"
"logan","CF","CF-2023-111","post"
"logan","CM","CM-2021-369","post"
"logan","CM","CM-2024-17","post"
"logan","TR","TR-2023-987","post"
"logan","CF","CF-2021-275","post"
"logan","CM","CM-2023-81","post"
"logan","CM","CM-2023-68","post"
"logan","CF","CF-2018-194","post"
"logan","CF","CF-2022-95","post"
"logan","CF","CF-2022-15","post"
"logan","CF","CF-2009-301","post"
"logan","CF","CF-2023-28","post"
"logan","CM","CM-2023-276","post"
"logan","CF","CF-2017-395","post"
"logan","TR","TR-2023-1151","post"
"logan","CM","CM-2023-102","post"
"logan","CF","CF-2013-181","post"
"logan","TR","TR-2023-1115","post"
"logan","TR","TR-2023-1125","post"
"logan","TR","TR-2023-1122","post"
"logan","CF","CF-2023-34","post"
"logan","TR","TR-2023-1134","post"
"logan","CM","CM-2023-295","post"
"logan","CF","CF-2023-54","post"
"logan","CM","CM-2023-160","post"
"logan","CM","CM-2023-64","post"
"logan","CM","CM-2019-259","post"
"logan","CF","CF-2022-158","post"
"logan","CF","CF-2023-26","post"
"logan","CM","CM-2019-512","post"
"logan","CM","CM-2021-408","post"
"logan","TR","TR-2023-1003","post"
"logan","CM","CM-2022-187","post"
"logan","CF","CF-2023-108","post"
"logan","CF","CF-2016-211","post"
"logan","CF","CF-2017-62","post"
"logan","CF","CF-2019-103","post"
"logan","TR","TR-2023-1036","post"
"logan","CM","CM-2023-266","post"
"logan","TR","TR-2023-1127","post"
"logan","CM","CM-2023-86","post"
"logan","CM","CM-2024-19","post"
"logan","CF","CF-2022-23","post"
"logan","TR","TR-2023-748","post"
"logan","CM","CM-2018-563","post"
"logan","TR","TR-2024-13","post"
"logan","CM","CM-2002-472","post"
"logan","CF","CF-2021-14","post"
"logan","CF","CF-2023-138","post"
"logan","CM","CM-2023-137","post"
"logan","TR","TR-2023-868","post"
"logan","TR","TR-2023-1050","post"
"logan","TR","TR-2023-899","post"
"logan","CM","CM-2023-195","post"
"logan","CF","CF-2023-153","post"
"logan","TR","TR-2023-752","post"
"logan","CM","CM-2023-291","post"
"logan","CM","CM-2015-456","post"
"logan","CF","CF-2018-281","pre"
"logan","CF","CF-2021-196","pre"
"logan","CM","CM-2023-25","pre"
"logan","TR","TR-2023-746","pre"
"logan","CF","CF-2023-143","pre"
"logan","CM","CM-2022-327","pre"
"logan","TR","TR-2023-937","pre"
"logan","CM","CM-2009-669","pre"
"logan","CM","CM-2023-77","pre"
"logan","CF","CF-2020-213","pre"
"logan","CF","CF-2022-95","pre"
"logan","CM","CM-2020-113","pre"
"logan","CM","CM-2015-330","pre"
"logan","CM","CM-2023-117","pre"
"logan","CF","CF-2018-240","pre"
"logan","TR","TR-2023-885","pre"
"logan","TR","TR-2023-952","pre"
"logan","TR","TR-2023-962","pre"
"logan","CF","CF-2022-104","pre"
"logan","TR","TR-2023-922","pre"
"logan","CF","CF-2017-286","pre"
"logan","CF","CF-2015-50","pre"
"logan","CM","CM-2023-93","pre"
"logan","TR","TR-2022-896","pre"
"logan","TR","TR-2023-914","pre"
"logan","CF","CF-2016-281","pre"
"logan","CF","CF-2023-117","pre"
"logan","CF","CF-2010-329","pre"
"logan","CF","CF-2023-28","pre"
"logan","TR","TR-2023-894","pre"
"logan","TR","TR-2023-769","pre"
"logan","CM","CM-2023-238","pre"
"logan","CF","CF-2018-287","pre"
"logan","CM","CM-2023-19","pre"
"logan","CF","CF-2020-185","pre"
"logan","CF","CF-2023-39","pre"
"logan","CF","CF-2022-201","pre"
"logan","TR","TR-2023-958","pre"
"logan","TR","TR-2023-887","pre"
"logan","CF","CF-2023-111","pre"
"logan","CM","CM-2015-454","pre"
"logan","CM","CM-2018-734","pre"
"logan","TR","TR-2023-707","pre"
"logan","TR","TR-2023-873","pre"
"logan","CM","CM-2023-159","pre"
"logan","CM","CM-2022-161","pre"
"logan","CM","CM-2023-235","pre"
"logan","CM","CM-2021-301","pre"
"logan","CM","CM-2019-584","pre"
"logan","TR","TR-2023-1012","pre"
"logan","TR","TR-2023-711","pre"
"logan","CM","CM-2023-207","pre"
"logan","TR","TR-2023-704","pre"
"logan","CF","CF-2007-313","pre"
"logan","TR","TR-2023-836","pre"
"logan","CF","CF-2023-106","pre"
"logan","TR","TR-2023-1032","pre"
"logan","TR","TR-2023-720","pre"
"logan","CM","CM-2021-202","pre"
"logan","CM","CM-2023-56","pre"
"logan","TR","TR-2023-942","pre"
"logan","CM","CM-2021-104","pre"
"logan","CM","CM-2021-169","pre"
"logan","CM","CM-2021-396","pre"
"logan","CF","CF-2017-390","pre"
"logan","CM","CM-2023-31","pre"
"logan","CM","CM-2022-187","pre"
"logan","TR","TR-2023-786","pre"
"logan","CF","CF-2023-102","pre"
"logan","CF","CF-2019-158","pre"
"logan","TR","TR-2023-828","pre"
"logan","CM","CM-2015-701","pre"
"logan","TR","TR-2023-985","pre"
"logan","CF","CF-2023-101","pre"
"logan","CF","CF-2021-189","pre"
"oklahoma","CF","CF-2017-3174","post"
"oklahoma","TR","TR-2023-10859","post"
"oklahoma","TR","TR-2023-10606","post"
"oklahoma","CF","CF-2023-3818","post"
"oklahoma","CF","CF-2023-1368","post"
"oklahoma","CM","CM-2021-3089","post"
"oklahoma","CF","CF-2023-1262","post"
"oklahoma","TR","TR-2023-13169","post"
"oklahoma","CF","CF-2016-3197","post"
"oklahoma","CF","CF-2013-711","post"
"oklahoma","CF","CF-2023-849","post"
"oklahoma","CF","CF-2022-5500","post"
"oklahoma","CF","CF-2019-3966","post"
"oklahoma","CF","CF-2021-1893","post"
"oklahoma","CM","CM-2023-4105","post"
"oklahoma","CF","CF-2012-2055","post"
"oklahoma","TR","TR-2014-10576","post"
"oklahoma","CM","CM-2022-936","post"
"oklahoma","TR","TR-2023-12494","post"
"oklahoma","CF","CF-2021-4279","post"
"oklahoma","TR","TR-2023-12736","post"
"oklahoma","TR","TR-2023-11686","post"
"oklahoma","CM","CM-2022-3124","post"
"oklahoma","CM","CM-2023-3298","post"
"oklahoma","CF","CF-2023-4863","post"
"oklahoma","CF","CF-2023-3824","post"
"oklahoma","TR","TR-2014-22939","post"
"oklahoma","CF","CF-2011-4976","post"
"oklahoma","CF","CF-2023-1143","post"
"oklahoma","CF","CF-2013-4406","post"
"oklahoma","TR","TR-2021-6570","post"
"oklahoma","CF","CF-2016-3771","post"
"oklahoma","CF","CF-2023-4285","post"
"oklahoma","TR","TR-2018-531","post"
"oklahoma","CF","CF-2023-2137","post"
"oklahoma","CF","CF-2011-4013","post"
"oklahoma","CM","CM-2023-4249","post"
"oklahoma","TR","TR-2023-13218","post"
"oklahoma","TR","TR-2024-136","post"
"oklahoma","CM","CM-2023-4720","post"
"oklahoma","CF","CF-2010-6750","post"
"oklahoma","CF","CF-2017-3046","post"
"oklahoma","CF","CF-2021-5113","post"
"oklahoma","CM","CM-2023-2122","post"
"oklahoma","CF","CF-2020-4909","post"
"oklahoma","CF","CF-2022-3277","post"
"oklahoma","TR","TR-2012-13674","post"
"oklahoma","CF","CF-2023-3783","post"
"oklahoma","TR","TR-2015-16335","post"
"oklahoma","CM","CM-2023-3642","post"
"oklahoma","CF","CF-2023-2590","post"
"oklahoma","TR","TR-2023-12869","post"
"oklahoma","CM","CM-2023-2906","post"
"oklahoma","CF","CF-2022-2625","post"
"oklahoma","CF","CF-2022-4024","post"
"oklahoma","CM","CM-2021-289","post"
"oklahoma","CM","CM-2022-2467","post"
"oklahoma","CF","CF-2023-915","post"
"oklahoma","CM","CM-2021-3641","post"
"oklahoma","CF","CF-2023-4186","post"
"oklahoma","CM","CM-2023-2864","post"
"oklahoma","CF","CF-2023-2216","post"
"oklahoma","TR","TR-2023-12533","post"
"oklahoma","TR","TR-2023-13186","post"
"oklahoma","CF","CF-2018-4905","post"
"oklahoma","CM","CM-2023-410","post"
"oklahoma","CF","CF-2023-3209","post"
"oklahoma","CF","CF-2020-2759","post"
"oklahoma","TR","TR-2023-10529","post"
"oklahoma","CF","CF-2022-5432","post"
"oklahoma","CM","CM-2023-3448","post"
"oklahoma","TR","TR-2023-10340","post"
"oklahoma","CF","CF-2019-3442","post"
"oklahoma","CF","CF-2023-2605","post"
"oklahoma","CF","CF-2022-3389","post"
"oklahoma","CF","CF-2013-1940","pre"
"oklahoma","CF","CF-2023-2105","pre"
"oklahoma","CF","CF-2021-408","pre"
"oklahoma","CM","CM-2022-3957","pre"
"oklahoma","CM","CM-2022-3023","pre"
"oklahoma","TR","TR-2023-7206","pre"
"oklahoma","CF","CF-2017-4441","pre"
"oklahoma","CF","CF-2019-3618","pre"
"oklahoma","CF","CF-2019-2735","pre"
"oklahoma","CF","CF-2022-2143","pre"
"oklahoma","TR","TR-2012-18013","pre"
"oklahoma","CF","CF-2022-4895","pre"
"oklahoma","TR","TR-2023-9953","pre"
"oklahoma","CF","CF-2022-3821","pre"
"oklahoma","CM","CM-2023-34","pre"
"oklahoma","TR","TR-2023-8900","pre"
"oklahoma","CF","CF-2018-4589","pre"
"oklahoma","CF","CF-2022-282","pre"
"oklahoma","CF","CF-2008-7422","pre"
"oklahoma","CF","CF-2009-4027","pre"
"oklahoma","CF","CF-2022-4108","pre"
"oklahoma","CF","CF-2021-4037","pre"
"oklahoma","CF","CF-2005-6274","pre"
"oklahoma","CF","CF-2022-3119","pre"
"oklahoma","CM","CM-2019-2996","pre"
"oklahoma","CF","CF-2013-752","pre"
"oklahoma","CF","CF-2010-1054","pre"
"oklahoma","CF","CF-2023-1618","pre"
"oklahoma","CM","CM-2014-3955","pre"
"oklahoma","CF","CF-2021-3346","pre"
"oklahoma","TR","TR-2023-7006","pre"
"oklahoma","CM","CM-2021-3018","pre"
"oklahoma","TR","TR-2023-8330","pre"
"oklahoma","CF","CF-2021-4438","pre"
"oklahoma","CF","CF-2023-877","pre"
"oklahoma","CF","CF-2018-1067","pre"
"oklahoma","CF","CF-2021-2215","pre"
"oklahoma","CF","CF-2021-2729","pre"
"oklahoma","CF","CF-2021-5774","pre"
"oklahoma","CM","CM-2023-146","pre"
"oklahoma","CM","CM-2023-1016","pre"
"oklahoma","TR","TR-2015-851","pre"
"oklahoma","CF","CF-2020-4493","pre"
"oklahoma","CF","CF-2016-9632","pre"
"oklahoma","TR","TR-2022-8547","pre"
"oklahoma","CF","CF-2016-7284","pre"
"oklahoma","TR","TR-2023-92","pre"
"oklahoma","CF","CF-2018-5408","pre"
"oklahoma","CM","CM-2022-2818","pre"
"oklahoma","CF","CF-2022-4497","pre"
"oklahoma","CF","CF-2021-4585","pre"
"oklahoma","TR","TR-2019-5837","pre"
"oklahoma","CF","CF-2016-7588","pre"
"oklahoma","TR","TR-2016-8880","pre"
"oklahoma","CM","CM-2022-4023","pre"
"oklahoma","CM","CM-2022-3070","pre"
"oklahoma","CM","CM-2023-3494","pre"
"oklahoma","CF","CF-2018-3944","pre"
"oklahoma","TR","TR-2023-8977","pre"
"oklahoma","CF","CF-2012-1657","pre"
"oklahoma","CF","CF-2008-7341","pre"
"oklahoma","CF","CF-2011-985","pre"
"oklahoma","CM","CM-2022-958","pre"
"oklahoma","CM","CM-2023-585","pre"
"oklahoma","CF","CF-2021-1814","pre"
"oklahoma","CF","CF-2022-3672","pre"
"oklahoma","CM","CM-2023-2312","pre"
"oklahoma","CF","CF-2001-300","pre"
"oklahoma","CF","CF-2023-1141","pre"
"oklahoma","TR","TR-2023-8989","pre"
"oklahoma","CF","CF-2021-5797","pre"
"oklahoma","TR","TR-2023-7101","pre"
"oklahoma","CF","CF-2023-1849","pre"
"oklahoma","CF","CF-2021-2262","pre"
"oklahoma","CM","CM-2014-886","pre"
"payne","CM","CM-2018-274","post"
"payne","TR","TR-2023-1878","post"
"payne","CF","CF-2007-388","post"
"payne","TR","TR-2023-1653","post"
"payne","CF","CF-2022-266","post"
"payne","CM","CM-2010-846","post"
"payne","CF","CF-2021-351","post"
"payne","TR","TR-2023-2225","post"
"payne","CM","CM-2023-708","post"
"payne","CF","CF-2022-488","post"
"payne","CM","CM-2021-508","post"
"payne","CM","CM-2022-1140","post"
"payne","CM","CM-2023-1235","post"
"payne","CM","CM-2021-152","post"
"payne","CM","CM-2021-490","post"
"payne","CF","CF-2017-608","post"
"payne","CM","CM-2023-945","post"
"payne","CM","CM-2023-331","post"
"payne","TR","TR-2023-2077","post"
"payne","CF","CF-2020-158","post"
"payne","CM","CM-2023-630","post"
"payne","TR","TR-2023-1824","post"
"payne","CM","CM-2023-1165","post"
"payne","TR","TR-2021-218","post"
"payne","CF","CF-2012-585","post"
"payne","CF","CF-2023-341","post"
"payne","CM","CM-2024-38","post"
"payne","TR","TR-2023-1991","post"
"payne","CF","CF-2013-485","post"
"payne","CM","CM-2022-797","post"
"payne","CF","CF-2020-110","post"
"payne","CM","CM-2019-853","post"
"payne","CF","CF-2023-397","post"
"payne","CF","CF-2012-867","post"
"payne","CF","CF-2015-700","post"
"payne","CF","CF-2023-289","post"
"payne","TR","TR-2023-2006","post"
"payne","TR","TR-2023-1706","post"
"payne","CM","CM-2023-1024","post"
"payne","CM","CM-2023-1304","post"
"payne","TR","TR-2023-1948","post"
"payne","CF","CF-2020-427","post"
"payne","TR","TR-2023-2379","post"
"payne","CM","CM-2023-1271","post"
"payne","CM","CM-2023-814","post"
"payne","CM","CM-2024-48","post"
"payne","CM","CM-2023-41","post"
"payne","CF","CF-2022-389","post"
"payne","CM","CM-2023-1252","post"
"payne","CM","CM-2022-938","post"
"payne","CF","CF-2023-257","post"
"payne","CM","CM-2022-195","post"
"payne","CF","CF-2022-499","post"
"payne","CM","CM-2024-45","post"
"payne","CM","CM-2019-452","post"
"payne","CF","CF-2023-269","post"
"payne","CM","CM-2021-1039","post"
"payne","TR","TR-2023-2198","post"
"payne","TR","TR-2023-1602","post"
"payne","CM","CM-2021-938","post"
"payne","CM","CM-2022-626","post"
"payne","CM","CM-2019-1700","post"
"payne","CM","CM-2018-356","post"
"payne","CM","CM-2022-141","post"
"payne","TR","TR-2023-1767","post"
"payne","CM","CM-2018-1698","post"
"payne","CF","CF-2023-180","post"
"payne","CF","CF-2019-83","post"
"payne","CM","CM-2013-1517","post"
"payne","CM","CM-2014-1202","post"
"payne","CF","CF-2016-103","post"
"payne","TR","TR-2023-1364","post"
"payne","CF","CF-2004-498","post"
"payne","TR","TR-2023-1434","post"
"payne","CF","CF-2018-183","post"
"payne","TR","TR-2023-1607","pre"
"payne","CM","CM-2023-945","pre"
"payne","CM","CM-2022-243","pre"
"payne","CM","CM-2023-713","pre"
"payne","CF","CF-2021-178","pre"
"payne","CM","CM-2023-705","pre"
"payne","CF","CF-2022-147","pre"
"payne","CF","CF-2023-37","pre"
"payne","CF","CF-2023-171","pre"
"payne","TR","TR-2023-1321","pre"
"payne","CF","CF-2017-372","pre"
"payne","CM","CM-2022-1184","pre"
"payne","CF","CF-2020-7","pre"
"payne","TR","TR-2023-1494","pre"
"payne","CF","CF-2021-491","pre"
"payne","CF","CF-2023-61","pre"
"payne","CM","CM-2023-1093","pre"
"payne","TR","TR-2023-1244","pre"
"payne","CF","CF-2023-240","pre"
"payne","CM","CM-2023-792","pre"
"payne","CM","CM-2023-41","pre"
"payne","CF","CF-2023-11","pre"
"payne","CF","CF-2023-193","pre"
"payne","CM","CM-2020-198","pre"
"payne","CM","CM-2022-753","pre"
"payne","CF","CF-2018-218","pre"
"payne","CF","CF-2023-243","pre"
"payne","TR","TR-2023-1376","pre"
"payne","CM","CM-2017-1735","pre"
"payne","CF","CF-2023-351","pre"
"payne","CF","CF-2023-324","pre"
"payne","CM","CM-2023-162","pre"
"payne","CF","CF-2023-31","pre"
"payne","CF","CF-2018-334","pre"
"payne","CF","CF-2013-280","pre"
"payne","TR","TR-2023-1161","pre"
"payne","TR","TR-2023-1281","pre"
"payne","CF","CF-2018-147","pre"
"payne","CF","CF-2023-203","pre"
"payne","CM","CM-2023-231","pre"
"payne","TR","TR-2023-1312","pre"
"payne","CM","CM-2023-626","pre"
"payne","CF","CF-2023-345","pre"
"payne","CF","CF-2023-298","pre"
"payne","CF","CF-2021-465","pre"
"payne","CF","CF-2023-321","pre"
"payne","CM","CM-2020-309","pre"
"payne","TR","TR-2023-1335","pre"
"payne","CF","CF-2022-483","pre"
"payne","CF","CF-2012-823","pre"
"payne","CF","CF-2013-677","pre"
"payne","CM","CM-2021-393","pre"
"payne","CF","CF-2019-385","pre"
"payne","CM","CM-2023-962","pre"
"payne","CM","CM-2023-583","pre"
"payne","TR","TR-2023-1382","pre"
"payne","CM","CM-2013-1548","pre"
"payne","CF","CF-2015-380","pre"
"payne","TR","TR-2023-1314","pre"
"payne","CM","CM-2023-28","pre"
"payne","CM","CM-2023-765","pre"
"payne","CM","CM-2023-609","pre"
"payne","CM","CM-2023-132","pre"
"payne","CF","CF-2022-316","pre"
"payne","TR","TR-2023-1416","pre"
"payne","CF","CF-2019-89","pre"
"payne","CM","CM-2022-391","pre"
"payne","CM","CM-2023-735","pre"
"payne","CF","CF-2019-5","pre"
"payne","CF","CF-2022-272","pre"
"payne","CM","CM-2023-199","pre"
"payne","CM","CM-2023-857","pre"
"payne","CM","CM-2023-168","pre"
"payne","TR","TR-2023-1268","pre"
"payne","CM","CM-2018-1311","pre"
"pushmataha","TR","TR-2023-546","post"
"pushmataha","TR","TR-2023-573","post"
"pushmataha","CM","CM-2022-42","post"
"pushmataha","CM","CM-2006-327","post"
"pushmataha","CM","CM-2023-7","post"
"pushmataha","TR","TR-2023-463","post"
"pushmataha","CF","CF-2024-1","post"
"pushmataha","CM","CM-2023-100","post"
"pushmataha","CF","CF-2021-71","post"
"pushmataha","CF","CF-2013-78","post"
"pushmataha","TR","TR-2023-596","post"
"pushmataha","CF","CF-2022-5","post"
"pushmataha","TR","TR-2022-335","post"
"pushmataha","CF","CF-2008-86","post"
"pushmataha","CM","CM-2023-85","post"
"pushmataha","CM","CM-2023-105","post"
"pushmataha","CF","CF-2022-29","post"
"pushmataha","CM","CM-2023-144","post"
"pushmataha","CM","CM-2022-15","post"
"pushmataha","CF","CF-2023-75","post"
"pushmataha","CF","CF-2021-15","post"
"pushmataha","CF",NA,"post"
"pushmataha","TR","TR-2023-497","post"
"pushmataha","TR","TR-2023-554","post"
"pushmataha","CM","CM-2023-143","post"
"pushmataha","CF","CF-2022-6","post"
"pushmataha","CM","CM-2023-132","post"
"pushmataha","TR","TR-2023-548","post"
"pushmataha","CF","CF-2023-55","post"
"pushmataha","CF","CF-2021-55","post"
"pushmataha","CM","CM-2023-40","post"
"pushmataha","CF","CF-2014-105","post"
"pushmataha","CF","CF-2023-58","post"
"pushmataha","CF","CF-2018-38","post"
"pushmataha","CF","CF-2022-39","post"
"pushmataha","CM","CM-2023-95","post"
"pushmataha","TR","TR-2023-570","post"
"pushmataha","CM","CM-2006-202","post"
"pushmataha","CF","CF-2023-63","post"
"pushmataha","CF","CF-2012-11","post"
"pushmataha","CM","CM-2023-133","post"
"pushmataha","CM","CM-2022-22","post"
"pushmataha","CM","CM-2022-83","post"
"pushmataha","CF","CF-2023-20","post"
"pushmataha","CF","CF-2023-28","post"
"pushmataha","CM","CM-2017-18","post"
"pushmataha","CF","CF-2017-58","post"
"pushmataha","CM","CM-2023-124","post"
"pushmataha","CM","CM-2023-18","post"
"pushmataha","CM","CM-2014-157","post"
"pushmataha","CM","CM-2022-31","post"
"pushmataha","CF","CF-2023-62","post"
"pushmataha","CM","CM-2023-65","post"
"pushmataha","TR","TR-2023-515","post"
"pushmataha","CF","CF-2016-65","post"
"pushmataha","TR","TR-2023-366","post"
"pushmataha","CF","CF-2017-151","post"
"pushmataha","CF","CF-2023-73","post"
"pushmataha","CM","CM-2023-48","post"
"pushmataha","CF","CF-2007-162","post"
"pushmataha","CF","CF-2012-70","post"
"pushmataha","CF","CF-2022-65","post"
"pushmataha","CF","CF-2017-7","post"
"pushmataha","CM","CM-2023-103","post"
"pushmataha","CM","CM-2023-44","post"
"pushmataha","CM","CM-2020-32","post"
"pushmataha","TR","TR-2023-585","post"
"pushmataha","CM","CM-2023-80","post"
"pushmataha","TR","TR-2023-509","post"
"pushmataha","CF","CF-2021-82","post"
"pushmataha","CF","CF-2021-27","post"
"pushmataha","CF","CF-2021-53","post"
"pushmataha","CF","CF-2009-52","post"
"pushmataha","CF","CF-2023-59","post"
"pushmataha","CF","CF-2023-77","post"
"pushmataha","CF","CF-2021-15","pre"
"pushmataha","CF","CF-2017-160","pre"
"pushmataha","CF","CF-2007-162","pre"
"pushmataha","CM","CM-2023-14","pre"
"pushmataha","CM","CM-2023-105","pre"
"pushmataha","CF","CF-2017-101","pre"
"pushmataha","TR","TR-2023-513","pre"
"pushmataha","CF","CF-2022-26","pre"
"pushmataha","CM","CM-2022-58","pre"
"pushmataha","CM","CM-2023-35","pre"
"pushmataha","TR","TR-2023-442","pre"
"pushmataha","CM","CM-2023-40","pre"
"pushmataha","CM","CM-2023-110","pre"
"pushmataha","CF","CF-2023-50","pre"
"pushmataha","CF","CF-2022-16","pre"
"pushmataha","CF","CF-2022-20","pre"
"pushmataha","TR","TR-2023-430","pre"
"pushmataha","CM","CM-2022-80","pre"
"pushmataha","CF","CF-2014-25","pre"
"pushmataha","CF","CF-2017-72","pre"
"pushmataha","CF","CF-2017-28","pre"
"pushmataha","CM","CM-2004-203","pre"
"pushmataha","TR","TR-2023-393","pre"
"pushmataha","CM","CM-2022-85","pre"
"pushmataha","CM","CM-2019-43","pre"
"pushmataha","CF","CF-2021-82","pre"
"pushmataha","CF","CF-2018-102","pre"
"pushmataha","CF","CF-2019-62","pre"
"pushmataha","CF","CF-2023-42","pre"
"pushmataha","CF","CF-2022-49","pre"
"pushmataha","TR","TR-2009-909","pre"
"pushmataha","CF","CF-2023-11","pre"
"pushmataha","TR","TR-2023-398","pre"
"pushmataha","CM","CM-2022-51","pre"
"pushmataha","TR","TR-2023-423","pre"
"pushmataha","CF","CF-2008-116","pre"
"pushmataha","TR","TR-2023-458","pre"
"pushmataha","CM","CM-2021-51","pre"
"pushmataha","CF","CF-2021-79","pre"
"pushmataha","CF","CF-2022-74","pre"
"pushmataha","CF","CF-2023-55","pre"
"pushmataha","CF","CF-2023-27","pre"
"pushmataha","CF","CF-2016-82","pre"
"pushmataha","CF","CF-2022-6","pre"
"pushmataha","TR","TR-2023-526","pre"
"pushmataha","CM","CM-2022-27","pre"
"pushmataha","CM","CM-2022-33","pre"
"pushmataha","CM","CM-2023-123","pre"
"pushmataha","TR","TR-2022-387","pre"
"pushmataha","CM","CM-2023-71","pre"
"pushmataha","CM","CM-2023-89","pre"
"pushmataha","CF","CF-2008-85","pre"
"pushmataha","CM","CM-2023-122","pre"
"pushmataha","CM","CM-2021-119","pre"
"pushmataha","CF","CF-2019-30","pre"
"pushmataha","TR","TR-2023-450","pre"
"pushmataha","TR","TR-2023-528","pre"
"pushmataha","CF","CF-2017-164","pre"
"pushmataha","CM","CM-2023-87","pre"
"pushmataha","TR","TR-2023-401","pre"
"pushmataha","CF","CF-2023-47","pre"
"pushmataha","CM","CM-2023-99","pre"
"pushmataha","TR","TR-2023-507","pre"
"pushmataha","TR","TR-2023-510","pre"
"pushmataha","CM","CM-2022-62","pre"
"pushmataha","TR","TR-2023-444","pre"
"pushmataha","CM","CM-2023-30","pre"
"pushmataha","TR","TR-2023-418","pre"
"pushmataha","CM","CM-2023-26","pre"
"pushmataha","CM","CM-2021-94","pre"
"pushmataha","TR","TR-2023-410","pre"
"pushmataha","CM","CM-2022-23","pre"
"pushmataha","CM","CM-2023-43","pre"
"pushmataha","CM","CM-2021-56","pre"
"pushmataha","CF","CF-2022-62","pre"
"rogermills","TR",NA,"post"
"rogermills","CM",NA,"post"
"rogermills","CF",NA,"post"
"rogermills","CM",NA,"pre"
"rogermills","CF",NA,"pre"
"rogermills","TR",NA,"pre"
"rogers","TR","TR-2023-2113","post"
"rogers","TR","TR-2005-9172","post"
"rogers","TR","TR-2023-2053","post"
"rogers","CF","CF-2023-303","post"
"rogers","CM","CM-2019-469","post"
"rogers","CF","CF-2021-256","post"
"rogers","CF","CF-2023-260","post"
"rogers","CM","CM-2018-450","post"
"rogers","CF","CF-2022-248","post"
"rogers","CF","CF-2023-224","post"
"rogers","CF","CF-2023-435","post"
"rogers","CF","CF-2016-741","post"
"rogers","CM","CM-2023-602","post"
"rogers","TR","TR-2024-5","post"
"rogers","CF","CF-2023-112","post"
"rogers","CM","CM-2022-611","post"
"rogers","CF","CF-2020-182","post"
"rogers","CM","CM-2023-531","post"
"rogers","TR","TR-2023-2183","post"
"rogers","CF","CF-2014-438","post"
"rogers","CM","CM-2021-67","post"
"rogers","CF","CF-2023-177","post"
"rogers","CF","CF-2023-104","post"
"rogers","CF","CF-2021-446","post"
"rogers","TR","TR-2023-2139","post"
"rogers","CF","CF-2023-385","post"
"rogers","CM","CM-2022-750","post"
"rogers","CF","CF-2021-97","post"
"rogers","CM","CM-2023-680","post"
"rogers","CF","CF-2024-16","post"
"rogers","CF","CF-2022-424","post"
"rogers","CM","CM-2022-89","post"
"rogers","TR","TR-2023-2310","post"
"rogers","CM","CM-2012-705","post"
"rogers","CM","CM-2023-145","post"
"rogers","CF","CF-2022-336","post"
"rogers","TR","TR-2023-1935","post"
"rogers","TR","TR-2023-2027","post"
"rogers","CM","CM-2023-614","post"
"rogers","TR","TR-2023-1871","post"
"rogers","CM","CM-2019-1166","post"
"rogers","CM","CM-2023-310","post"
"rogers","TR","TR-2023-2194","post"
"rogers","CM","CM-2018-468","post"
"rogers","CM","CM-2022-166","post"
"rogers","TR","TR-2023-2177","post"
"rogers","CM","CM-2023-632","post"
"rogers","CM","CM-2019-1202","post"
"rogers","CF","CF-2022-289","post"
"rogers","TR","TR-2023-2067","post"
"rogers","CF","CF-2016-1001","post"
"rogers","CF","CF-2023-298","post"
"rogers","CM","CM-2022-371","post"
"rogers","CM","CM-2018-553","post"
"rogers","CM","CM-2020-939","post"
"rogers","CM","CM-2022-621","post"
"rogers","CM","CM-2023-201","post"
"rogers","CM","CM-2020-282","post"
"rogers","CF","CF-2023-318","post"
"rogers","CF","CF-2023-268","post"
"rogers","CM","CM-2022-710","post"
"rogers","CF","CF-2023-308","post"
"rogers","CF","CF-2019-792","post"
"rogers","TR","TR-2007-4378","post"
"rogers","TR","TR-2023-2020","post"
"rogers","CM","CM-2023-340","post"
"rogers","TR","TR-2020-4234","post"
"rogers","CF","CF-2017-1045","post"
"rogers","CF","CF-2023-395","post"
"rogers","CF","CF-2010-392","post"
"rogers","CF","CF-2016-896","post"
"rogers","CM","CM-2023-318","post"
"rogers","CF","CF-2019-425","post"
"rogers","CF","CF-2017-11","post"
"rogers","CM","CM-2023-476","post"
"rogers","TR","TR-2023-1269","pre"
"rogers","CF","CF-2020-458","pre"
"rogers","CM","CM-2017-333","pre"
"rogers","CM","CM-2023-517","pre"
"rogers","TR","TR-2023-1296","pre"
"rogers","CF","CF-2018-277","pre"
"rogers","TR","TR-2021-2518","pre"
"rogers","CM","CM-2023-389","pre"
"rogers","CF","CF-2020-501","pre"
"rogers","CM","CM-2023-513","pre"
"rogers","CF","CF-2019-618","pre"
"rogers","CF","CF-2023-229","pre"
"rogers","CM","CM-2023-356","pre"
"rogers","CF","CF-2019-410","pre"
"rogers","CF","CF-2023-281","pre"
"rogers","CF","CF-2022-75","pre"
"rogers","TR","TR-2020-3031","pre"
"rogers","CM","CM-2021-741","pre"
"rogers","CF","CF-2022-80","pre"
"rogers","CF","CF-2022-361","pre"
"rogers","CM","CM-2023-40","pre"
"rogers","CM","CM-2022-270","pre"
"rogers","CF","CF-2023-357","pre"
"rogers","TR","TR-2023-1376","pre"
"rogers","CM","CM-2022-130","pre"
"rogers","CM","CM-2023-444","pre"
"rogers","TR","TR-2023-1298","pre"
"rogers","CM","CM-2019-338","pre"
"rogers","CM","CM-2023-132","pre"
"rogers","TR","TR-2022-349","pre"
"rogers","CM","CM-2018-512","pre"
"rogers","CF","CF-2023-60","pre"
"rogers","CM","CM-2019-983","pre"
"rogers","CF","CF-2023-318","pre"
"rogers","CF","CF-2020-292","pre"
"rogers","CF","CF-2020-523","pre"
"rogers","CM","CM-2022-176","pre"
"rogers","CM","CM-2023-166","pre"
"rogers","CM","CM-2014-671","pre"
"rogers","CF","CF-2023-221","pre"
"rogers","TR","TR-2005-9172","pre"
"rogers","CM","CM-2023-51","pre"
"rogers","CM","CM-2023-3","pre"
"rogers","CM","CM-2022-361","pre"
"rogers","CM","CM-2021-649","pre"
"rogers","CM","CM-2023-276","pre"
"rogers","CF","CF-2020-72","pre"
"rogers","CF","CF-2023-138","pre"
"rogers","TR","TR-2023-1639","pre"
"rogers","CF","CF-2018-702","pre"
"rogers","CF","CF-2022-12","pre"
"rogers","TR","TR-2023-1392","pre"
"rogers","CF","CF-2023-214","pre"
"rogers","CM",NA,"pre"
"rogers","CF","CF-2015-769","pre"
"rogers","CF","CF-2023-222","pre"
"rogers","CF","CF-2023-235","pre"
"rogers","CM","CM-2022-620","pre"
"rogers","TR","TR-2023-1342","pre"
"rogers","CM","CM-2020-804","pre"
"rogers","CF","CF-2022-431","pre"
"rogers","CF","CF-2023-70","pre"
"rogers","CF","CF-2011-555","pre"
"rogers","TR","TR-2023-1255","pre"
"rogers","CF","CF-2021-28","pre"
"rogers","CM","CM-2021-426","pre"
"rogers","CM","CM-2023-207","pre"
"rogers","CF","CF-2016-88","pre"
"rogers","CF","CF-2004-255","pre"
"rogers","CM","CM-2016-904","pre"
"rogers","CM","CM-2019-1145","pre"
"rogers","CF","CF-2023-32","pre"
"rogers","CF","CF-2022-68","pre"
"rogers","TR","TR-2020-4235","pre"
"rogers","CM","CM-2023-408","pre"
"tulsa","TR","TR-2023-8801","post"
"tulsa","CM","CM-2019-4810","post"
"tulsa","TR","TR-2023-8033","post"
"tulsa","TR","TR-2023-11406","post"
"tulsa","TR","TR-2023-9938","post"
"tulsa","TR","TR-2023-11014","post"
"tulsa","CM","CM-2023-3853","post"
"tulsa","CF","CF-2023-1362","post"
"tulsa","CM","CM-2021-2121","post"
"tulsa","CM","CM-2020-411","post"
"tulsa","CF","CF-2019-2110","post"
"tulsa","CF","CF-2023-3560","post"
"tulsa","CF","CF-2022-2225","post"
"tulsa","CM","CM-2023-1003","post"
"tulsa","CF","CF-2023-340","post"
"tulsa","TR","TR-2023-8981","post"
"tulsa","CM","CM-2023-335","post"
"tulsa","TR","TR-2016-2537","post"
"tulsa","CF","CF-2020-1137","post"
"tulsa","CM","CM-2022-4272","post"
"tulsa","CM","CM-2015-1155","post"
"tulsa","CF","CF-2020-1210","post"
"tulsa","CF","CF-2023-3623","post"
"tulsa","CM","CM-2023-2831","post"
"tulsa","CF","CF-2023-3049","post"
"tulsa","CM","CM-2021-2319","post"
"tulsa","TR","TR-2023-8606","post"
"tulsa","CM","CM-2023-3709","post"
"tulsa","CF","CF-2019-6120","post"
"tulsa","CF","CF-2022-3146","post"
"tulsa","CF","CF-2016-4360","post"
"tulsa","CM","CM-2024-168","post"
"tulsa","CF","CF-2022-4442","post"
"tulsa","CM","CM-2023-2288","post"
"tulsa","TR","TR-2023-9880","post"
"tulsa","CM","CM-2021-2211","post"
"tulsa","CF","CF-2023-3484","post"
"tulsa","CM","CM-2023-3535","post"
"tulsa","CF","CF-2023-3741","post"
"tulsa","TR","TR-2023-11178","post"
"tulsa","CF","CF-2022-2694","post"
"tulsa","CF","CF-2015-717","post"
"tulsa","CM","CM-2005-2181","post"
"tulsa","CM","CM-2019-3206","post"
"tulsa","CF","CF-2021-4281","post"
"tulsa","TR","TR-2023-9230","post"
"tulsa","TR","TR-2023-11471","post"
"tulsa","CF","CF-2023-4128","post"
"tulsa","CM","CM-2023-1062","post"
"tulsa","CF","CF-2021-2987","post"
"tulsa","TR","TR-2023-11467","post"
"tulsa","CM","CM-2023-3103","post"
"tulsa","CF","CF-2023-4381","post"
"tulsa","CF","CF-2021-4986","post"
"tulsa","CF","CF-2019-6212","post"
"tulsa","TR","TR-2023-9727","post"
"tulsa","CF","CF-2023-2684","post"
"tulsa","CM","CM-2023-3220","post"
"tulsa","CF","CF-2022-3443","post"
"tulsa","CF","CF-2023-3509","post"
"tulsa","CF","CF-2023-4489","post"
"tulsa","TR","TR-2023-10834","post"
"tulsa","CF","CF-2019-318","post"
"tulsa","TR","TR-2023-8410","post"
"tulsa","TR","TR-2024-891","post"
"tulsa","CM","CM-2022-1030","post"
"tulsa","CM","CM-2023-1018","post"
"tulsa","CM","CM-2023-3228","post"
"tulsa","TR","TR-2023-10220","post"
"tulsa","CF","CF-2014-4450","post"
"tulsa","TR","TR-2023-9449","post"
"tulsa","CM","CM-2023-3822","post"
"tulsa","TR","TR-2023-10153","post"
"tulsa","CM","CM-2010-5669","post"
"tulsa","CF","CF-2021-4967","post"
"tulsa","CF","CF-2023-3694","pre"
"tulsa","CF","CF-2021-2046","pre"
"tulsa","CM","CM-2005-537","pre"
"tulsa","CF","CF-2022-1077","pre"
"tulsa","CF","CF-2023-2635","pre"
"tulsa","TR","TR-2023-7329","pre"
"tulsa","TR","TR-2023-8507","pre"
"tulsa","CM","CM-2023-1996","pre"
"tulsa","TR","TR-2022-884","pre"
"tulsa","TR","TR-2023-6408","pre"
"tulsa","CF","CF-2021-3405","pre"
"tulsa","CM","CM-2023-1314","pre"
"tulsa","CF","CF-2022-4673","pre"
"tulsa","CF","CF-2022-4045","pre"
"tulsa","TR","TR-2022-3641","pre"
"tulsa","TR","TR-2023-6368","pre"
"tulsa","TR","TR-2023-7866","pre"
"tulsa","TR","TR-2023-5969","pre"
"tulsa","CF","CF-2023-2076","pre"
"tulsa","CF","CF-2021-3656","pre"
"tulsa","TR","TR-2023-7985","pre"
"tulsa","TR","TR-2023-7837","pre"
"tulsa","CM","CM-2023-2381","pre"
"tulsa","CF","CF-2023-2135","pre"
"tulsa","TR","TR-2023-4690","pre"
"tulsa","CM","CM-2023-1228","pre"
"tulsa","CM","CM-2021-1923","pre"
"tulsa","TR","TR-2023-6925","pre"
"tulsa","CF","CF-2023-2686","pre"
"tulsa","CF","CF-2010-2954","pre"
"tulsa","CM","CM-2022-1360","pre"
"tulsa","CF","CF-2022-1788","pre"
"tulsa","TR","TR-2023-5979","pre"
"tulsa","TR","TR-2023-8619","pre"
"tulsa","TR","TR-2023-6481","pre"
"tulsa","CM","CM-2023-1871","pre"
"tulsa","CM","CM-2023-1418","pre"
"tulsa","TR","TR-2023-7800","pre"
"tulsa","TR","TR-2023-6995","pre"
"tulsa","CF","CF-2019-3587","pre"
"tulsa","TR","TR-2023-6055","pre"
"tulsa","CM","CM-2021-3193","pre"
"tulsa","TR","TR-2023-3635","pre"
"tulsa","CF","CF-2023-585","pre"
"tulsa","CF","CF-2022-4656","pre"
"tulsa","CF","CF-2022-4749","pre"
"tulsa","CF","CF-2023-3250","pre"
"tulsa","CM","CM-2022-4080","pre"
"tulsa","CF","CF-2013-5878","pre"
"tulsa","CF","CF-2015-5770","pre"
"tulsa","TR","TR-2023-7600","pre"
"tulsa","CM","CM-2023-109","pre"
"tulsa","CF","CF-2022-4127","pre"
"tulsa","TR","TR-2023-6035","pre"
"tulsa","TR","TR-2023-4017","pre"
"tulsa","CM","CM-2022-3559","pre"
"tulsa","CM","CM-2023-2332","pre"
"tulsa","CM","CM-2023-1480","pre"
"tulsa","CF","CF-2022-4494","pre"
"tulsa","TR","TR-2023-7598","pre"
"tulsa","CM","CM-2023-569","pre"
"tulsa","TR","TR-2023-7099","pre"
"tulsa","TR","TR-2023-8998","pre"
"tulsa","CF","CF-2023-2735","pre"
"tulsa","CM","CM-2023-1214","pre"
"tulsa","CM","CM-2023-2507","pre"
"tulsa","TR","TR-2023-6098","pre"
"tulsa","TR","TR-2023-8162","pre"
"tulsa","CF","CF-2023-2047","pre"
"tulsa","CF","CF-2022-3279","pre"
"tulsa","CF","CF-2023-3145","pre"
"tulsa","CM","CM-2022-287","pre"
"tulsa","CF","CF-2021-762","pre"
"tulsa","TR","TR-2023-8172","pre"
"tulsa","CF","CF-2000-3324","pre"
